PLAYERS,TEAM
hughequ01,2TM
buiumze01,2TM
marchma01,2TM
rossima01,2TM
berggjo02,2TM
stastsp01,2TM
texieal01,2TM
stechtr01,2TM
danauph01,2TM
reichlu01,2TM
blaissa01,2TM
kolyavl01,2TM
ohgreli01,2TM
beechjo01,2TM
kulakbr01,3TM
sebrado01,2TM
jarrytr01,2TM
skinnst01,2TM
chinaye01,2TM
heineda01,2TM
philpno01,2TM
zamulye01,2TM
vielje01,2TM
whiteza01,2TM
anderra01,2TM
palaton01,2TM
soucyca01,2TM
panarar01,2TM
sherwki01,2TM
bjugsni01,2TM
solovil01,2TM
ioriovi01,2TM
tsyplma01,2TM
girarsa01,2TM
finleja01,2TM